{
  "inch_per_px": 0.16850163208099417,
  "inch_per_px_shoulder": 0.15469745589261366,
  "inch_per_px_chest": 0.19688271029923338,
  "inch_per_px_length": 0.15392473005113547,
  "target_shoulder_px": 103.42768669128418,
  "target_chest_px": 93.96457399373801,
  "target_length_px": 168.913728101797,
  "target_center_x": 0.5727188065648079,
  "target_slope": 0.051337980748857065,
  "length_from_torso_ratio": 1.0005826535912188,
  "calib_shoulder_px": 103.42768669128418,
  "calib_chest_px": 93.96457399373801,
  "calib_length_px": 168.913728101797,
  "calib_body_shoulder_in": 16.0,
  "calib_body_chest_in": 18.5,
  "calib_body_length_in": 26.0,
  "created_at": 1772027178
}