{
  "inch_per_px": 0.15307648512393093,
  "inch_per_px_shoulder": 0.13947180959121744,
  "inch_per_px_chest": 0.1801032650157079,
  "inch_per_px_length": 0.1396543807648675,
  "target_shoulder_px": 114.7185230255127,
  "target_chest_px": 102.71884853606903,
  "target_length_px": 186.17389485100028,
  "target_center_x": 0.45203033834695816,
  "target_slope": -0.010394812186879973,
  "length_from_torso_ratio": 0.9994625833637605,
  "calib_shoulder_px": 114.7185230255127,
  "calib_chest_px": 102.71884853606903,
  "calib_length_px": 186.17389485100028,
  "calib_body_shoulder_in": 16.0,
  "calib_body_chest_in": 18.5,
  "calib_body_length_in": 26.0,
  "created_at": 1771993650
}